{
    "loss": 262.2445068359375,
    "accuracy": 0.13965606689453125
}