{
    "loss": 237.52896118164062,
    "accuracy": 0.2802354097366333
}